{
  "elevation_range": [
    767,
    1301
  ],
  "default_elevation": 900,
  "bounds": [
    -64.645741818,
    -31.48168601,
    -64.601613737,
    -31.440588946
  ],
  "scenario_elevations": [
    800,
    825,
    850,
    875,
    900,
    925,
    950,
    975,
    1000,
    1025,
    1050,
    1075,
    1100,
    1125,
    1150,
    1175,
    1200,
    1225,
    1250,
    1275,
    1300
  ],
  "total_volume_hm3": 1993.3101129850002,
  "max_surface_area_m2": 10029827.150000004,
  "crs": "EPSG:4326"
}